CONN.execute ("INSERT INTO dictnutrs (user_id, title, description, protein, fat, carbs, calories) VALUES (1,'Абрикосы', 'Базовый справочник', 0.9, 0.1, 9, 47)")
CONN.execute ("INSERT INTO dictnutrs (user_id, title, description, protein, fat, carbs, calories) VALUES (1, 'Абрикос консервированный', 'Базовый справочник', 0.5, 0, 21, 86)")
CONN.execute ("INSERT INTO dictnutrs (user_id, title, description, protein, fat, carbs, calories) VALUES (1, 'Авокадо', 'Базовый справочник', 1.9, 19.5, 1.9, 100)")
CONN.execute ("INSERT INTO dictnutrs (user_id, title, description, protein, fat, carbs, calories) VALUES (1, 'Ананас', 'Базовый справочник', 0.4, 0.2, 11.5, 45)")
CONN.execute ("INSERT INTO dictnutrs (user_id, title, description, protein, fat, carbs, calories) VALUES (1, 'Ананас консервированный', 'Базовый справочник', 0.4, 0.2, 15.5, 65.4)")
CONN.execute ("INSERT INTO dictnutrs (user_id, title, description, protein, fat, carbs, calories) VALUES (1, 'Апельсин', 'Базовый справочник', 0.9, 0.2, 8.1, 43)")
CONN.execute ("INSERT INTO dictnutrs (user_id, title, description, protein, fat, carbs, calories) VALUES (1, 'Арбуз', 'Базовый справочник', 0.7, 0.2, 8.8, 39.8)")
CONN.execute ("INSERT INTO dictnutrs (user_id, title, description, protein, fat, carbs, calories) VALUES (1, 'Баклажаны', 'Базовый справочник', 1.2, 0.1, 5.1, 25)")
CONN.execute ("INSERT INTO dictnutrs (user_id, title, description, protein, fat, carbs, calories) VALUES (1, 'Бананы', 'Базовый справочник', 1.5, 0.1, 21, 90)")
CONN.execute ("INSERT INTO dictnutrs (user_id, title, description, protein, fat, carbs, calories) VALUES (1, 'Брусника', 'Базовый справочник', 0.7, 0.5, 8, 39.3)")
CONN.execute ("INSERT INTO dictnutrs (user_id, title, description, protein, fat, carbs, calories) VALUES (1, 'Брусника. протертая с сахаром п/ф', 'Базовый справочник', 0.3, 0.2, 19.9, 83.3)")
CONN.execute ("INSERT INTO dictnutrs (user_id, title, description, protein, fat, carbs, calories) VALUES (1, 'Бобы сухие', 'Базовый справочник', 20.1, 2, 50, 160)")
CONN.execute ("INSERT INTO dictnutrs (user_id, title, description, protein, fat, carbs, calories) VALUES (1, 'Брюква', 'Базовый справочник', 1.2, 0.1, 8, 35)")
CONN.execute ("INSERT INTO dictnutrs (user_id, title, description, protein, fat, carbs, calories) VALUES (1, 'Виноград', 'Базовый справочник', 0.6, 0.2, 15, 70)")
CONN.execute ("INSERT INTO dictnutrs (user_id, title, description, protein, fat, carbs, calories) VALUES (1, 'Виноград маринованный', 'Базовый справочник', 0.6, 0.2, 15, 64.2)")
CONN.execute ("INSERT INTO dictnutrs (user_id, title, description, protein, fat, carbs, calories) VALUES (1, 'Вишня', 'Базовый справочник', 0.8, 0.5, 10.3, 55)")
CONN.execute ("INSERT INTO dictnutrs (user_id, title, description, protein, fat, carbs, calories) VALUES (1, 'Голубика', 'Базовый справочник', 1, 0, 7, 36)")
CONN.execute ("INSERT INTO dictnutrs (user_id, title, description, protein, fat, carbs, calories) VALUES (1, 'Горошек зеленый консервированный', 'Базовый справочник', 3.1, 0.2, 6.5, 60)")
CONN.execute ("INSERT INTO dictnutrs (user_id, title, description, protein, fat, carbs, calories) VALUES (1, 'Горошек зеленый свежий', 'Базовый справочник', 5, 0.2, 12.8, 73 )")
CONN.execute ("INSERT INTO dictnutrs (user_id, title, description, protein, fat, carbs, calories) VALUES (1, 'Гранат', 'Базовый справочник', 0.9, 0, 11.2, 48.4)")
CONN.execute ("INSERT INTO dictnutrs (user_id, title, description, protein, fat, carbs, calories) VALUES (1, 'Грейпфрут', 'Базовый справочник', 0.9, 0.2, 6.5, 31.4)")
CONN.execute ("INSERT INTO dictnutrs (user_id, title, description, protein, fat, carbs, calories) VALUES (1, 'Грибы Белые свежие', 'Базовый справочник', 3.7, 1.7, 1.1, 34.5)")
CONN.execute ("INSERT INTO dictnutrs (user_id, title, description, protein, fat, carbs, calories) VALUES (1, 'Грибы Вешенки', 'Базовый справочник', 4.3, 1, 0.1, 26.6)")
CONN.execute ("INSERT INTO dictnutrs (user_id, title, description, protein, fat, carbs, calories) VALUES (1, 'Грибы Шампиньоны свежие', 'Базовый справочник', 4.3, 1, 0.1, 26.6)")
CONN.execute ("INSERT INTO dictnutrs (user_id, title, description, protein, fat, carbs, calories) VALUES (1, 'Грибы Шиитаке сушеные', 'Базовый справочник', 19.3, 22.4, 3.7, 293.6)") 
CONN.execute ("INSERT INTO dictnutrs (user_id, title, description, protein, fat, carbs, calories) VALUES (1, 'Груша свежая', 'Базовый справочник', 0.4, 0.3, 9.5, 42.3)")
CONN.execute ("INSERT INTO dictnutrs (user_id, title, description, protein, fat, carbs, calories) VALUES (1, 'Дыня', 'Базовый справочник', 0.6, 0, 9.1, 38.8)")
CONN.execute ("INSERT INTO dictnutrs (user_id, title, description, protein, fat, carbs, calories) VALUES (1, 'Ежевика', 'Базовый справочник', 2, 0, 4.4, 32)")
CONN.execute ("INSERT INTO dictnutrs (user_id, title, description, protein, fat, carbs, calories) VALUES (1, 'Земляника (садовая)', 'Базовый справочник', 0.8, 0.4, 6.3, 32)")
CONN.execute ("INSERT INTO dictnutrs (user_id, title, description, protein, fat, carbs, calories) VALUES (1, 'Инжир', 'Базовый справочник', 0.7, 0.2, 11.2, 49.4)")
CONN.execute ("INSERT INTO dictnutrs (user_id, title, description, protein, fat, carbs, calories) VALUES (1, 'Инжир сушеный', 'Базовый справочник', 3.6, 1.6, 52.9, 240.4)")
CONN.execute ("INSERT INTO dictnutrs (user_id, title, description, protein, fat, carbs, calories) VALUES (1, 'Кабачки', 'Базовый справочник', 0.6, 0.3, 4.9, 25)")
CONN.execute ("INSERT INTO dictnutrs (user_id, title, description, protein, fat, carbs, calories) VALUES (1, 'Капуста Пекинская (Китайская)', 'Базовый справочник', 1.8, 0.1, 4.7, 26.9)")
CONN.execute ("INSERT INTO dictnutrs (user_id, title, description, protein, fat, carbs, calories) VALUES (1, 'Капуста белокочанная', 'Базовый справочник', 1.8, 0.1, 4.7, 23)")
CONN.execute ("INSERT INTO dictnutrs (user_id, title, description, protein, fat, carbs, calories) VALUES (1, 'Капуста белокочанная квашенная', 'Базовый справочник', 1.8, 0, 2.2, 28)")
CONN.execute ("INSERT INTO dictnutrs (user_id, title, description, protein, fat, carbs, calories) VALUES (1, 'Капуста брокколи', 'Базовый справочник', 4.4, 0.9, 1.8, 32.9)")
CONN.execute ("INSERT INTO dictnutrs (user_id, title, description, protein, fat, carbs, calories) VALUES (1, 'Капуста брюссельская свежемороженая', 'Базовый справочник', 4.8, 0, 5.9, 42.8)")
CONN.execute ("INSERT INTO dictnutrs (user_id, title, description, protein, fat, carbs, calories) VALUES (1, 'Капуста красноачанная', 'Базовый справочник', 1.7, 0.1, 4.5, 25.6)")
CONN.execute ("INSERT INTO dictnutrs (user_id, title, description, protein, fat, carbs, calories) VALUES (1, 'Капуста савойская', 'Базовый справочник', 1.8, 0.1, 4.7, 26.9)")
CONN.execute ("INSERT INTO dictnutrs (user_id, title, description, protein, fat, carbs, calories) VALUES (1, 'Капуста цветная', 'Базовый справочник', 2.5, 0.3, 4.5, 30.7)")
CONN.execute ("INSERT INTO dictnutrs (user_id, title, description, protein, fat, carbs, calories) VALUES (1, 'Картофель', 'Базовый справочник', 2, 0.4, 16.3, 76.8)")
CONN.execute ("INSERT INTO dictnutrs (user_id, title, description, protein, fat, carbs, calories) VALUES (1, 'Каштаны', 'Базовый справочник', 2, 2.7, 36.6, 178.7)")
CONN.execute ("INSERT INTO dictnutrs (user_id, title, description, protein, fat, carbs, calories) VALUES (1, 'Киви', 'Базовый справочник', 1.1, 0.5, 10.6, 51.3)")
CONN.execute ("INSERT INTO dictnutrs (user_id, title, description, protein, fat, carbs, calories) VALUES (1, 'Клюква', 'Базовый справочник', 0.5, 0, 3.8, 17.2)")
CONN.execute ("INSERT INTO dictnutrs (user_id, title, description, protein, fat, carbs, calories) VALUES (1, 'Крыжовник', 'Базовый справочник', 0.7, 0.2, 9.1, 41)")
CONN.execute ("INSERT INTO dictnutrs (user_id, title, description, protein, fat, carbs, calories) VALUES (1, 'Кукуруза в початках', 'Базовый справочник', 4.2, 2.3, 19.6, 115.9)")
CONN.execute ("INSERT INTO dictnutrs (user_id, title, description, protein, fat, carbs, calories) VALUES (1, 'Курага (Абрикосы без косточки)', 'Базовый справочник', 5.2, 0, 55, 240.8)")
CONN.execute ("INSERT INTO dictnutrs (user_id, title, description, protein, fat, carbs, calories) VALUES (1, 'Лук зеленый (перо)', 'Базовый справочник', 1.3, 0, 3.5, 19.2)")
CONN.execute ("INSERT INTO dictnutrs (user_id, title, description, protein, fat, carbs, calories) VALUES (1, 'Лук порей', 'Базовый справочник', 2, 0, 6.5, 34)")
CONN.execute ("INSERT INTO dictnutrs (user_id, title, description, protein, fat, carbs, calories) VALUES (1, 'Лук репчатый', 'Базовый справочник', 1.4, 0, 9.1, 42)")
CONN.execute ("INSERT INTO dictnutrs (user_id, title, description, protein, fat, carbs, calories) VALUES (1, 'Малина', 'Базовый справочник', 0.8, 0.3, 8.3, 41)")
CONN.execute ("INSERT INTO dictnutrs (user_id, title, description, protein, fat, carbs, calories) VALUES (1, 'Манго', 'Базовый справочник', 0.7, 0.2, 14.1, 61)")
CONN.execute ("INSERT INTO dictnutrs (user_id, title, description, protein, fat, carbs, calories) VALUES (1, 'Манго консервированное (дольки)', 'Базовый справочник', 0.7, 0.2, 14.1, 61)")
CONN.execute ("INSERT INTO dictnutrs (user_id, title, description, protein, fat, carbs, calories) VALUES (1, 'Мандарин', 'Базовый справочник', 0.8, 0.3, 8.1, 38.3)")
CONN.execute ("INSERT INTO dictnutrs (user_id, title, description, protein, fat, carbs, calories) VALUES (1, 'Морковь столовая свежая', 'Базовый справочник', 1.3, 0.1, 7.2, 33)")
CONN.execute ("INSERT INTO dictnutrs (user_id, title, description, protein, fat, carbs, calories) VALUES (1, 'Облепиха', 'Базовый справочник', 0.9, 2.5, 5, 46.1)")
CONN.execute ("INSERT INTO dictnutrs (user_id, title, description, protein, fat, carbs, calories) VALUES (1, 'Огурцы', 'Базовый справочник', 0.8, 0.1, 2.6, 15)")
CONN.execute ("INSERT INTO dictnutrs (user_id, title, description, protein, fat, carbs, calories) VALUES (1, 'Огурцы соленые', 'Базовый справочник', 0.8, 0.1, 1.6, 18)")
CONN.execute ("INSERT INTO dictnutrs (user_id, title, description, protein, fat, carbs, calories) VALUES (1, 'Орех Арахис ядро', 'Базовый справочник', 29.2, 50.2, 10.8, 611.8)")
CONN.execute ("INSERT INTO dictnutrs (user_id, title, description, protein, fat, carbs, calories) VALUES (1, 'Орех Бразильский ядро', 'Базовый справочник', 14.1, 68.2, 3.1, 654)")
CONN.execute ("INSERT INTO dictnutrs (user_id, title, description, protein, fat, carbs, calories) VALUES (1, 'Орех Грецкий ядро', 'Базовый справочник', 14.7, 68.5, 3.3, 665)")
CONN.execute ("INSERT INTO dictnutrs (user_id, title, description, protein, fat, carbs, calories) VALUES (1, 'Орех Кедровый ядро', 'Базовый справочник', 14, 68.6, 4, 689.4)")
CONN.execute ("INSERT INTO dictnutrs (user_id, title, description, protein, fat, carbs, calories) VALUES (1, 'Орех Кешью ядро', 'Базовый справочник', 25.2, 53.6, 12.6, 633.6)")
CONN.execute ("INSERT INTO dictnutrs (user_id, title, description, protein, fat, carbs, calories) VALUES (1, 'Орех Миндаль ядро', 'Базовый справочник', 18.6, 57.7, 13.6, 598)")
CONN.execute ("INSERT INTO dictnutrs (user_id, title, description, protein, fat, carbs, calories) VALUES (1, 'Орех Фундук ядро', 'Базовый справочник', 16.1, 66.9, 9.9, 706.1)")
CONN.execute ("INSERT INTO dictnutrs (user_id, title, description, protein, fat, carbs, calories) VALUES (1, 'Перец болгарский (сладкий)', 'Базовый справочник', 1.3, 0, 5.3, 19)")
CONN.execute ("INSERT INTO dictnutrs (user_id, title, description, protein, fat, carbs, calories) VALUES (1, 'Персики свежие', 'Базовый справочник', 0.9, 0.1, 9.5, 47)")
CONN.execute ("INSERT INTO dictnutrs (user_id, title, description, protein, fat, carbs, calories) VALUES (1, 'Петрушка (корень)', 'Базовый справочник', 1.5, 0.6, 10.5, 53.4)")
CONN.execute ("INSERT INTO dictnutrs (user_id, title, description, protein, fat, carbs, calories) VALUES (1, 'Помидоры', 'Базовый справочник', 1.1, 0.2, 3.8, 20)")
CONN.execute ("INSERT INTO dictnutrs (user_id, title, description, protein, fat, carbs, calories) VALUES (1, 'Помидоры маринованные', 'Базовый справочник', 1.7, 0.2, 1.8, 15)")
CONN.execute ("INSERT INTO dictnutrs (user_id, title, description, protein, fat, carbs, calories) VALUES (1, 'Помидоры черри', 'Базовый справочник', 0.8, 0.1, 2.8, 15)")
CONN.execute ("INSERT INTO dictnutrs (user_id, title, description, protein, fat, carbs, calories) VALUES (1, 'Редис', 'Базовый справочник', 1.2, 0.1, 3.8, 20.9)")
CONN.execute ("INSERT INTO dictnutrs (user_id, title, description, protein, fat, carbs, calories) VALUES (1, 'Редька', 'Базовый справочник', 1.9, 0.2, 6.5, 35.4)")
CONN.execute ("INSERT INTO dictnutrs (user_id, title, description, protein, fat, carbs, calories) VALUES (1, 'Репа', 'Базовый справочник', 1.5, 0, 5.3, 28)")
CONN.execute ("INSERT INTO dictnutrs (user_id, title, description, protein, fat, carbs, calories) VALUES (1, 'Салат', 'Базовый справочник', 41395, 0.2, 2.0, 19.0)")
CONN.execute ("INSERT INTO dictnutrs (user_id, title, description, protein, fat, carbs, calories) VALUES (1, 'Салат Айсберг', 'Базовый справочник', 0.7, 0.3, 1.9, 15)")
CONN.execute ("INSERT INTO dictnutrs (user_id, title, description, protein, fat, carbs, calories) VALUES (1, 'Салат Латук', 'Базовый справочник', 2.6, 0.4, 4.8, 32.8)")
CONN.execute ("INSERT INTO dictnutrs (user_id, title, description, protein, fat, carbs, calories) VALUES (1, 'Свекла', 'Базовый справочник', 1.5, 0.1, 9.1, 43.3)")
CONN.execute ("INSERT INTO dictnutrs (user_id, title, description, protein, fat, carbs, calories) VALUES (1, 'Сельдерей (зелень)', 'Базовый справочник', 0, 0, 2, 8)")
CONN.execute ("INSERT INTO dictnutrs (user_id, title, description, protein, fat, carbs, calories) VALUES (1, 'Сельдерей (корень)', 'Базовый справочник', 1.3, 0.3, 6.1, 32.3)")
CONN.execute ("INSERT INTO dictnutrs (user_id, title, description, protein, fat, carbs, calories) VALUES (1, 'Слива', 'Базовый справочник', 0.8, 0, 9.6, 43)")
CONN.execute ("INSERT INTO dictnutrs (user_id, title, description, protein, fat, carbs, calories) VALUES (1, 'Смородина красная', 'Базовый справочник', 0.6, 0.2, 7.3, 33.4)")
CONN.execute ("INSERT INTO dictnutrs (user_id, title, description, protein, fat, carbs, calories) VALUES (1, 'Смородина черная', 'Базовый справочник', 1, 0.2, 7.3, 35)")
CONN.execute ("INSERT INTO dictnutrs (user_id, title, description, protein, fat, carbs, calories) VALUES (1, 'Спаржа', 'Базовый справочник', 1.9, 0.1, 3.2, 20)")
CONN.execute ("INSERT INTO dictnutrs (user_id, title, description, protein, fat, carbs, calories) VALUES (1, 'Тыква', 'Базовый справочник', 1, 0.1, 4.2, 30)")
CONN.execute ("INSERT INTO dictnutrs (user_id, title, description, protein, fat, carbs, calories) VALUES (1, 'Топинамбур', 'Базовый справочник', 2.1, 0.1, 12, 80)")
CONN.execute ("INSERT INTO dictnutrs (user_id, title, description, protein, fat, carbs, calories) VALUES (1, 'Фасоль (стручок) свежая', 'Базовый справочник', 3, 0.3, 3, 26.7)")
CONN.execute ("INSERT INTO dictnutrs (user_id, title, description, protein, fat, carbs, calories) VALUES (1, 'Фасоль бобы', 'Базовый справочник', 21, 2, 46.6, 288.4)")
CONN.execute ("INSERT INTO dictnutrs (user_id, title, description, protein, fat, carbs, calories) VALUES (1, 'Черешня', 'Базовый справочник', 1.1, 0.4, 10.6, 52)")
CONN.execute ("INSERT INTO dictnutrs (user_id, title, description, protein, fat, carbs, calories) VALUES (1, 'Чернослив без косточек', 'Базовый справочник', 2.3, 0, 58.4, 227)")
CONN.execute ("INSERT INTO dictnutrs (user_id, title, description, protein, fat, carbs, calories) VALUES (1, 'Шпинат', 'Базовый справочник', 2.9, 0.3, 2, 20)")
CONN.execute ("INSERT INTO dictnutrs (user_id, title, description, protein, fat, carbs, calories) VALUES (1, 'Щавель', 'Базовый справочник', 1.5, 0, 3, 18)")
CONN.execute ("INSERT INTO dictnutrs (user_id, title, description, protein, fat, carbs, calories) VALUES (1, 'Яблоки', 'Базовый справочник', 0.4, 0.4, 9.8, 45)")
CONN.execute ("INSERT INTO dictnutrs (user_id, title, description, protein, fat, carbs, calories) VALUES (1, 'Багет французский', 'Базовый справочник', 9, 1.9, 56.1, 277.5)")
CONN.execute ("INSERT INTO dictnutrs (user_id, title, description, protein, fat, carbs, calories) VALUES (1, 'Бисквитный рулет п/ф', 'Базовый справочник', 3.3, 1.3, 65.9, 390)")
CONN.execute ("INSERT INTO dictnutrs (user_id, title, description, protein, fat, carbs, calories) VALUES (1, 'Блины обыкновенные', 'Базовый справочник', 6.6, 8.6, 32.8, 235.3)")
CONN.execute ("INSERT INTO dictnutrs (user_id, title, description, protein, fat, carbs, calories) VALUES (1, 'Булочка городская (мука пшеничная высшего сорта)', 'Базовый справочник', 7.7, 2.4, 52.1, 260.8)")
CONN.execute ("INSERT INTO dictnutrs (user_id, title, description, protein, fat, carbs, calories) VALUES (1, 'Булочка для гамбургеров', 'Базовый справочник', 9.1, 5, 48.8, 275)")
CONN.execute ("INSERT INTO dictnutrs (user_id, title, description, protein, fat, carbs, calories) VALUES (1, 'Булочка сдобная', 'Базовый справочник', 7.9, 9.4, 54.8, 335.4)")
CONN.execute ("INSERT INTO dictnutrs (user_id, title, description, protein, fat, carbs, calories) VALUES (1, 'Вафли домашние п/ф', 'Базовый справочник', 5.9, 28.3, 49.2, 474.4)")
CONN.execute ("INSERT INTO dictnutrs (user_id, title, description, protein, fat, carbs, calories) VALUES (1, 'Вафли с фруктовыми начинками', 'Базовый справочник', 3.2, 2.8, 80.1, 358.4)")
CONN.execute ("INSERT INTO dictnutrs (user_id, title, description, protein, fat, carbs, calories) VALUES (1, 'Галеты из муки высшего сорта', 'Базовый справочник', 9.7, 10.2, 68.4, 320 )")
CONN.execute ("INSERT INTO dictnutrs (user_id, title, description, protein, fat, carbs, calories) VALUES (1, 'Кулич пасхальный выпеченный без отделки п/ф', 'Базовый справочник', 7.3, 20.1, 44, 386.4)")
CONN.execute ("INSERT INTO dictnutrs (user_id, title, description, protein, fat, carbs, calories) VALUES (1, 'Лаваш армянский. тонкий', 'Базовый справочник', 9.1, 1.1, 56, 270.3)")
CONN.execute ("INSERT INTO dictnutrs (user_id, title, description, protein, fat, carbs, calories) VALUES (1, 'Печенье сахарное из муки высшего сорта', 'Базовый справочник', 7.5, 11.8, 74.4, 433.8)")
CONN.execute ("INSERT INTO dictnutrs (user_id, title, description, protein, fat, carbs, calories) VALUES (1, 'Пита белая', 'Базовый справочник', 9.1, 1.3, 55.1, 268.5)")
CONN.execute ("INSERT INTO dictnutrs (user_id, title, description, protein, fat, carbs, calories) VALUES (1, 'Пряники заварные', 'Базовый справочник', 4.8, 2.8, 77.7, 355.2)")
CONN.execute ("INSERT INTO dictnutrs (user_id, title, description, protein, fat, carbs, calories) VALUES (1, 'Сухарики для салата ?Цезарь?', 'Базовый справочник', 9.5, 9, 58.3, 352.1)")
CONN.execute ("INSERT INTO dictnutrs (user_id, title, description, protein, fat, carbs, calories) VALUES (1, 'Сухарики из бородинского хлеба', 'Базовый справочник', 9.6, 7.3, 57.4, 333.9)")
CONN.execute ("INSERT INTO dictnutrs (user_id, title, description, protein, fat, carbs, calories) VALUES (1, 'Сушки простые', 'Базовый справочник', 10.9, 1.3, 68, 327.3)")
CONN.execute ("INSERT INTO dictnutrs (user_id, title, description, protein, fat, carbs, calories) VALUES (1, 'Хлеб бородинский', 'Базовый справочник', 6.8, 1.3, 40.7, 201.7)")
CONN.execute ("INSERT INTO dictnutrs (user_id, title, description, protein, fat, carbs, calories) VALUES (1, 'Хлеб пшеничный', 'Базовый справочник', 6.9, 1, 47.6, 263.3)")
CONN.execute ("INSERT INTO dictnutrs (user_id, title, description, protein, fat, carbs, calories) VALUES (1, 'Хлеб с отрубями', 'Базовый справочник', 6.5, 0.9, 50, 185 )")
CONN.execute ("INSERT INTO dictnutrs (user_id, title, description, protein, fat, carbs, calories) VALUES (1, 'Хлебцы ржаные', 'Базовый справочник', 9.4, 0.6, 70.6, 325.4 )")
CONN.execute ("INSERT INTO dictnutrs (user_id, title, description, protein, fat, carbs, calories) VALUES (1, 'Йогурт 1.5% жирности', 'Базовый справочник', 5, 1.5, 3.5, 47.5)")
CONN.execute ("INSERT INTO dictnutrs (user_id, title, description, protein, fat, carbs, calories) VALUES (1, 'Йогурт 1.5% жирности сладкий', 'Базовый справочник', 5, 1.5, 8.5, 67.5)")
CONN.execute ("INSERT INTO dictnutrs (user_id, title, description, protein, fat, carbs, calories) VALUES (1, 'Йогурт 3.2% жирности', 'Базовый справочник', 5, 3.2, 3.5, 62.8)")
CONN.execute ("INSERT INTO dictnutrs (user_id, title, description, protein, fat, carbs, calories) VALUES (1, 'Йогурт 3.2% жирности сладкий', 'Базовый справочник', 5, 3.2, 8.5, 82.8)")
CONN.execute ("INSERT INTO dictnutrs (user_id, title, description, protein, fat, carbs, calories) VALUES (1, 'Йогурт 6% жирности', 'Базовый справочник', 5, 6, 3.5, 88)")
CONN.execute ("INSERT INTO dictnutrs (user_id, title, description, protein, fat, carbs, calories) VALUES (1, 'Йогурт 6% жирности сладкий', 'Базовый справочник', 5, 6, 8.5, 108 )")
CONN.execute ("INSERT INTO dictnutrs (user_id, title, description, protein, fat, carbs, calories) VALUES (1, 'Кефир 3.2% жирности', 'Базовый справочник', 3.5, 3.2, 4.4, 55 )")
CONN.execute ("INSERT INTO dictnutrs (user_id, title, description, protein, fat, carbs, calories) VALUES (1, 'Кефир 2.5% жирности', 'Базовый справочник', 3.2, 2.5, 4.2, 47 )")
CONN.execute ("INSERT INTO dictnutrs (user_id, title, description, protein, fat, carbs, calories) VALUES (1, 'Кефир нежирный', 'Базовый справочник', 3, 0.1, 3.8, 35)")
CONN.execute ("INSERT INTO dictnutrs (user_id, title, description, protein, fat, carbs, calories) VALUES (1, 'Молоко коровье цельное', 'Базовый справочник', 4, 5.2, 4.9, 68)")
CONN.execute ("INSERT INTO dictnutrs (user_id, title, description, protein, fat, carbs, calories) VALUES (1, 'Молоко пастеризованное 1.5% жирности', 'Базовый справочник', 2.9, 1.5, 4.8, 47)")
CONN.execute ("INSERT INTO dictnutrs (user_id, title, description, protein, fat, carbs, calories) VALUES (1, 'Молоко пастеризованное 2.5% жирности', 'Базовый справочник', 2.8, 2.5, 4.7, 52.7)")
CONN.execute ("INSERT INTO dictnutrs (user_id, title, description, protein, fat, carbs, calories) VALUES (1, 'Молоко пастеризованное 3.2% жирности', 'Базовый справочник', 2.8, 3.2, 4.7, 60)")
CONN.execute ("INSERT INTO dictnutrs (user_id, title, description, protein, fat, carbs, calories) VALUES (1, 'Молоко пастеризованное 3.5% жирности', 'Базовый справочник', 2.8, 3.5, 4.7, 64)")
CONN.execute ("INSERT INTO dictnutrs (user_id, title, description, protein, fat, carbs, calories) VALUES (1, 'Молоко сгущенное с сахаром', 'Базовый справочник', 7.2, 8.5, 56, 329.3)")
CONN.execute ("INSERT INTO dictnutrs (user_id, title, description, protein, fat, carbs, calories) VALUES (1, 'Молоко сухое цельное', 'Базовый справочник', 26, 25, 37.5, 479)")
CONN.execute ("INSERT INTO dictnutrs (user_id, title, description, protein, fat, carbs, calories) VALUES (1, 'Мороженое Пломбир', 'Базовый справочник', 3.2, 15, 20.8, 231)")
CONN.execute ("INSERT INTO dictnutrs (user_id, title, description, protein, fat, carbs, calories) VALUES (1, 'Мороженое сливочное', 'Базовый справочник', 3.3, 10, 19.8, 182.4)")
CONN.execute ("INSERT INTO dictnutrs (user_id, title, description, protein, fat, carbs, calories) VALUES (1, 'Простокваша обыкновенная', 'Базовый справочник', 2.8, 3.2, 4.1, 56.4)")
CONN.execute ("INSERT INTO dictnutrs (user_id, title, description, protein, fat, carbs, calories) VALUES (1, 'Ряженка 6% жирности', 'Базовый справочник', 3, 6, 4.1, 85 )")
CONN.execute ("INSERT INTO dictnutrs (user_id, title, description, protein, fat, carbs, calories) VALUES (1, 'Ряженка 4%', 'Базовый справочник', 3.2, 4, 4.1, 80)")
CONN.execute ("INSERT INTO dictnutrs (user_id, title, description, protein, fat, carbs, calories) VALUES (1, 'Сливки взбитые аэрозольные', 'Базовый справочник', 0.5, 25, 21, 311 )")
CONN.execute ("INSERT INTO dictnutrs (user_id, title, description, protein, fat, carbs, calories) VALUES (1, 'Сливки из коровьего молока 10% жирности', 'Базовый справочник', 3, 10, 4, 120 )")
CONN.execute ("INSERT INTO dictnutrs (user_id, title, description, protein, fat, carbs, calories) VALUES (1, 'Сливки из коровьего молока 20% жирности', 'Базовый справочник', 2.8, 20, 3.7, 250 )")
CONN.execute ("INSERT INTO dictnutrs (user_id, title, description, protein, fat, carbs, calories) VALUES (1, 'Сливки из коровьего молока 35% жирности', 'Базовый справочник', 2.5, 35, 3, 337 )")
CONN.execute ("INSERT INTO dictnutrs (user_id, title, description, protein, fat, carbs, calories) VALUES (1, 'Сметана 10% жирности', 'Базовый справочник', 3, 10, 2.9, 113.6)")
CONN.execute ("INSERT INTO dictnutrs (user_id, title, description, protein, fat, carbs, calories) VALUES (1, 'Сметана 20% жирности', 'Базовый справочник', 2.8, 20, 3.2, 210)")
CONN.execute ("INSERT INTO dictnutrs (user_id, title, description, protein, fat, carbs, calories) VALUES (1, 'Сметана 25% жирности', 'Базовый справочник', 2.6, 25, 2.7, 285)")
CONN.execute ("INSERT INTO dictnutrs (user_id, title, description, protein, fat, carbs, calories) VALUES (1, 'Сметана 30% жирности', 'Базовый справочник', 2.4, 30, 3.1, 310)")
CONN.execute ("INSERT INTO dictnutrs (user_id, title, description, protein, fat, carbs, calories) VALUES (1, 'Сыр Гауда', 'Базовый справочник', 25.3, 30.6, 0, 376.6)")
CONN.execute ("INSERT INTO dictnutrs (user_id, title, description, protein, fat, carbs, calories) VALUES (1, 'Сыр Голландский', 'Базовый справочник', 23.7, 30.5, 0, 369.3)")
CONN.execute ("INSERT INTO dictnutrs (user_id, title, description, protein, fat, carbs, calories) VALUES (1, 'Сыр Костромской', 'Базовый справочник', 25.2, 26.3, 0, 337.5)")
CONN.execute ("INSERT INTO dictnutrs (user_id, title, description, protein, fat, carbs, calories) VALUES (1, 'Сыр Моцарелла твердый', 'Базовый справочник', 26, 21.7, 1, 303.3)")
CONN.execute ("INSERT INTO dictnutrs (user_id, title, description, protein, fat, carbs, calories) VALUES (1, 'Сыр Плавленый Российский', 'Базовый справочник', 22, 27, 0, 331 )")
CONN.execute ("INSERT INTO dictnutrs (user_id, title, description, protein, fat, carbs, calories) VALUES (1, 'Сыр Пошехонский', 'Базовый справочник', 26, 26.5, 0, 342.5)")
CONN.execute ("INSERT INTO dictnutrs (user_id, title, description, protein, fat, carbs, calories) VALUES (1, 'Сыр Рассольный Брынза из коровьего молока', 'Базовый справочник', 17.9, 20.1, 0, 252.5)")
CONN.execute ("INSERT INTO dictnutrs (user_id, title, description, protein, fat, carbs, calories) VALUES (1, 'Сыр Рассольный Сулугуни', 'Базовый справочник', 19.5, 22, 0, 276)")
CONN.execute ("INSERT INTO dictnutrs (user_id, title, description, protein, fat, carbs, calories) VALUES (1, 'Сыр Рикота', 'Базовый справочник', 7.6, 3.6, 13.3, 116)")
CONN.execute ("INSERT INTO dictnutrs (user_id, title, description, protein, fat, carbs, calories) VALUES (1, 'Сыр Рокфор', 'Базовый справочник', 20, 28, 0, 332 )")
CONN.execute ("INSERT INTO dictnutrs (user_id, title, description, protein, fat, carbs, calories) VALUES (1, 'Сыр Российский', 'Базовый справочник', 23, 29, 0, 353 )")
CONN.execute ("INSERT INTO dictnutrs (user_id, title, description, protein, fat, carbs, calories) VALUES (1, 'Сыр Тофу', 'Базовый справочник', 7, 3, 2, 63)")
CONN.execute ("INSERT INTO dictnutrs (user_id, title, description, protein, fat, carbs, calories) VALUES (1, 'Сыр Фета', 'Базовый справочник', 15.6, 20.2, 1.5, 250.2 )")
CONN.execute ("INSERT INTO dictnutrs (user_id, title, description, protein, fat, carbs, calories) VALUES (1, 'Сыр Фетаки', 'Базовый справочник', 10, 17, 8, 225 )")
CONN.execute ("INSERT INTO dictnutrs (user_id, title, description, protein, fat, carbs, calories) VALUES (1, 'Сыр Филадельфия', 'Базовый справочник', 7.5, 31.3, 0, 311.7 )")
CONN.execute ("INSERT INTO dictnutrs (user_id, title, description, protein, fat, carbs, calories) VALUES (1, 'Сырки глазированные', 'Базовый справочник', 8.5, 27.8, 32, 412.2)")
CONN.execute ("INSERT INTO dictnutrs (user_id, title, description, protein, fat, carbs, calories) VALUES (1, 'Творог нежирный', 'Базовый справочник', 18, 0.6, 1.6, 80)")
CONN.execute ("INSERT INTO dictnutrs (user_id, title, description, protein, fat, carbs, calories) VALUES (1, 'Творог 1% жирности', 'Базовый справочник', 17.5, 1, 1.7, 95 )")
CONN.execute ("INSERT INTO dictnutrs (user_id, title, description, protein, fat, carbs, calories) VALUES (1, 'Творог 5% жирности', 'Базовый справочник', 17, 5, 1.9, 120)")
CONN.execute ("INSERT INTO dictnutrs (user_id, title, description, protein, fat, carbs, calories) VALUES (1, 'Творог 9% жирности', 'Базовый справочник', 16.7, 9, 2.5, 155.8)")
CONN.execute ("INSERT INTO dictnutrs (user_id, title, description, protein, fat, carbs, calories) VALUES (1, 'Вобла каспийская вяленая', 'Базовый справочник', 46.4, 5.5, 0, 235.1)")
CONN.execute ("INSERT INTO dictnutrs (user_id, title, description, protein, fat, carbs, calories) VALUES (1, 'Гребешок морской с/м', 'Базовый справочник', 16.7, 1.1, 0, 76.7 )")
CONN.execute ("INSERT INTO dictnutrs (user_id, title, description, protein, fat, carbs, calories) VALUES (1, 'Дорадо', 'Базовый справочник', 18, 3.1, 0, 96 )")
CONN.execute ("INSERT INTO dictnutrs (user_id, title, description, protein, fat, carbs, calories) VALUES (1, 'Икра Белужья зернистая', 'Базовый справочник', 27.2, 14.2, 0, 236.6 )")
CONN.execute ("INSERT INTO dictnutrs (user_id, title, description, protein, fat, carbs, calories) VALUES (1, 'Икра Лососевая (Кеты)', 'Базовый справочник', 31.6, 13.8, 0, 265)")
CONN.execute ("INSERT INTO dictnutrs (user_id, title, description, protein, fat, carbs, calories) VALUES (1, 'Икра Осетровая зернистая', 'Базовый справочник', 28.9, 9.7, 0, 320)")
CONN.execute ("INSERT INTO dictnutrs (user_id, title, description, protein, fat, carbs, calories) VALUES (1, 'Икра летучей рыбы зеленая (Вассабико)', 'Базовый справочник', 18.1, 30.1, 38.7, 498.1 )")
CONN.execute ("INSERT INTO dictnutrs (user_id, title, description, protein, fat, carbs, calories) VALUES (1, 'Икра летучей рыбы оранжевая (Тобико)', 'Базовый справочник', 32.6, 16.6, 0.2, 280.6 )")
CONN.execute ("INSERT INTO dictnutrs (user_id, title, description, protein, fat, carbs, calories) VALUES (1, 'Кальмар филе с кожицей с/м', 'Базовый справочник', 18, 4.2, 0, 109.8)")
CONN.execute ("INSERT INTO dictnutrs (user_id, title, description, protein, fat, carbs, calories) VALUES (1, 'Камбала', 'Базовый справочник', 18.2, 1.3, 0, 84.5)")
CONN.execute ("INSERT INTO dictnutrs (user_id, title, description, protein, fat, carbs, calories) VALUES (1, 'Карась речной', 'Базовый справочник', 17.7, 1.8, 0, 87)")
CONN.execute ("INSERT INTO dictnutrs (user_id, title, description, protein, fat, carbs, calories) VALUES (1, 'Карп. сазан', 'Базовый справочник', 17.2, 5.3, 0, 116.5 )")
CONN.execute ("INSERT INTO dictnutrs (user_id, title, description, protein, fat, carbs, calories) VALUES (1, 'Краб в/м', 'Базовый справочник', 16, 3.6, 0, 96.4 )")
CONN.execute ("INSERT INTO dictnutrs (user_id, title, description, protein, fat, carbs, calories) VALUES (1, 'Краб консервированный', 'Базовый справочник', 18.7, 1.1, 0.1, 85.1)")
CONN.execute ("INSERT INTO dictnutrs (user_id, title, description, protein, fat, carbs, calories) VALUES (1, 'Крабовые палочки', 'Базовый справочник', 10, 0.4, 6.6, 80 )")
CONN.execute ("INSERT INTO dictnutrs (user_id, title, description, protein, fat, carbs, calories) VALUES (1, 'Креветки в/м очищенные', 'Базовый справочник', 20.6, 1.7, 0, 97.7 )")
CONN.execute ("INSERT INTO dictnutrs (user_id, title, description, protein, fat, carbs, calories) VALUES (1, 'Креветки тигровые без головы', 'Базовый справочник', 18.9, 2.2, 0, 95.4 )")
CONN.execute ("INSERT INTO dictnutrs (user_id, title, description, protein, fat, carbs, calories) VALUES (1, 'Лосось свежий (филе с кожей)', 'Базовый справочник', 20.2, 11, 0, 179.8 )")
CONN.execute ("INSERT INTO dictnutrs (user_id, title, description, protein, fat, carbs, calories) VALUES (1, 'Лосось слабосоленый хол. копчения', 'Базовый справочник', 25.4, 4.5, 0, 142.1 )")
CONN.execute ("INSERT INTO dictnutrs (user_id, title, description, protein, fat, carbs, calories) VALUES (1, 'Лосось соленый п/ф', 'Базовый справочник', 20.2, 11, 0, 179.8 )")
CONN.execute ("INSERT INTO dictnutrs (user_id, title, description, protein, fat, carbs, calories) VALUES (1, 'Лосось тушка потрошенная с головой', 'Базовый справочник', 20.2, 11, 0, 179.8 )")
CONN.execute ("INSERT INTO dictnutrs (user_id, title, description, protein, fat, carbs, calories) VALUES (1, 'Мидии в раковине', 'Базовый справочник', 9.1, 1.5, 0, 72)")
CONN.execute ("INSERT INTO dictnutrs (user_id, title, description, protein, fat, carbs, calories) VALUES (1, 'Минтай с/м', 'Базовый справочник', 15.9, 0.9, 0, 71.7 )")
CONN.execute ("INSERT INTO dictnutrs (user_id, title, description, protein, fat, carbs, calories) VALUES (1, 'Мойва свежая', 'Базовый справочник', 13.1, 7.1, 0, 120)")
CONN.execute ("INSERT INTO dictnutrs (user_id, title, description, protein, fat, carbs, calories) VALUES (1, 'Молоки рыбные (Кета)', 'Базовый справочник', 16.3, 1.2, 0, 76 )")
CONN.execute ("INSERT INTO dictnutrs (user_id, title, description, protein, fat, carbs, calories) VALUES (1, 'Морская капуста', 'Базовый справочник', 0.9, 0.2, 0, 5.4)")
CONN.execute ("INSERT INTO dictnutrs (user_id, title, description, protein, fat, carbs, calories) VALUES (1, 'Морской коктейль с/м', 'Базовый справочник', 15.6, 1.5, 2.9, 90 )")
CONN.execute ("INSERT INTO dictnutrs (user_id, title, description, protein, fat, carbs, calories) VALUES (1, 'Морской язык филе с/м', 'Базовый справочник', 17.4, 1.5, 0, 83.1)")
CONN.execute ("INSERT INTO dictnutrs (user_id, title, description, protein, fat, carbs, calories) VALUES (1, 'Мясо краба', 'Базовый справочник', 16, 3.6, 0, 97 )")
CONN.execute ("INSERT INTO dictnutrs (user_id, title, description, protein, fat, carbs, calories) VALUES (1, 'Окунь речной', 'Базовый справочник', 18.5, 0.9, 0, 82.1 )")
CONN.execute ("INSERT INTO dictnutrs (user_id, title, description, protein, fat, carbs, calories) VALUES (1, 'Осетр потрошенный с головой', 'Базовый справочник', 16.4, 10.9, 0, 165)")
CONN.execute ("INSERT INTO dictnutrs (user_id, title, description, protein, fat, carbs, calories) VALUES (1, 'Палтус филе', 'Базовый справочник', 18.9, 3, 0, 102.6 )")
CONN.execute ("INSERT INTO dictnutrs (user_id, title, description, protein, fat, carbs, calories) VALUES (1, 'Раки средние', 'Базовый справочник', 16, 3.6, 0, 85 )")
CONN.execute ("INSERT INTO dictnutrs (user_id, title, description, protein, fat, carbs, calories) VALUES (1, 'Сазан', 'Базовый справочник', 17.1, 4.4, 0, 100 )")
CONN.execute ("INSERT INTO dictnutrs (user_id, title, description, protein, fat, carbs, calories) VALUES (1, 'Сельдь с/м', 'Базовый справочник', 17.7, 19.5, 0, 155 )")
CONN.execute ("INSERT INTO dictnutrs (user_id, title, description, protein, fat, carbs, calories) VALUES (1, 'Сельдь среднесоленая', 'Базовый справочник', 17, 8.5, 0, 144.5)")
CONN.execute ("INSERT INTO dictnutrs (user_id, title, description, protein, fat, carbs, calories) VALUES (1, 'Семга соленая п/ф', 'Базовый справочник', 20.2, 11, 0, 179.8)")
CONN.execute ("INSERT INTO dictnutrs (user_id, title, description, protein, fat, carbs, calories) VALUES (1, 'Сибасс (морской волк) тушка', 'Базовый справочник', 18.2, 3.3, 0, 102.5 )")
CONN.execute ("INSERT INTO dictnutrs (user_id, title, description, protein, fat, carbs, calories) VALUES (1, 'Скумбрия', 'Базовый справочник', 18, 13.2, 0, 150 )")
CONN.execute ("INSERT INTO dictnutrs (user_id, title, description, protein, fat, carbs, calories) VALUES (1, 'Скумбрия в консервах', 'Базовый справочник', 17.7, 14.4, 0, 420 )")
CONN.execute ("INSERT INTO dictnutrs (user_id, title, description, protein, fat, carbs, calories) VALUES (1, 'Сом', 'Базовый справочник', 17.2, 5.1, 0, 114.7 )")
CONN.execute ("INSERT INTO dictnutrs (user_id, title, description, protein, fat, carbs, calories) VALUES (1, 'Судак филе с кожей', 'Базовый справочник', 18.4, 1.1, 0, 83.5 )")
CONN.execute ("INSERT INTO dictnutrs (user_id, title, description, protein, fat, carbs, calories) VALUES (1, 'Судак целый', 'Базовый справочник', 18.4, 1.1, 0, 83.5)")
CONN.execute ("INSERT INTO dictnutrs (user_id, title, description, protein, fat, carbs, calories) VALUES (1, 'Толстолоб филе с/м', 'Базовый справочник', 17.2, 5.3, 0, 116.5)")
CONN.execute ("INSERT INTO dictnutrs (user_id, title, description, protein, fat, carbs, calories) VALUES (1, 'Толстолоб целый', 'Базовый справочник', 17.2, 5.3, 0, 116.5 )")
CONN.execute ("INSERT INTO dictnutrs (user_id, title, description, protein, fat, carbs, calories) VALUES (1, 'Треска филе', 'Базовый справочник', 18.4, 1.1, 0, 83.5)")
CONN.execute ("INSERT INTO dictnutrs (user_id, title, description, protein, fat, carbs, calories) VALUES (1, 'Тунец консервированный в с/с', 'Базовый справочник', 22.5, 0.7, 0, 96.3 )")
CONN.execute ("INSERT INTO dictnutrs (user_id, title, description, protein, fat, carbs, calories) VALUES (1, 'Тунец филе', 'Базовый справочник', 24.4, 4.3, 0, 136.3)")
CONN.execute ("INSERT INTO dictnutrs (user_id, title, description, protein, fat, carbs, calories) VALUES (1, 'Устрицы', 'Базовый справочник', 9, 2, 4.5, 72 )")
CONN.execute ("INSERT INTO dictnutrs (user_id, title, description, protein, fat, carbs, calories) VALUES (1, 'Угорь копченый', 'Базовый справочник', 17.9, 28.6, 0, 326 )")
CONN.execute ("INSERT INTO dictnutrs (user_id, title, description, protein, fat, carbs, calories) VALUES (1, 'Фарш рыбный из рыб тресковых пород', 'Базовый справочник', 11.3, 4.6, 0.3, 87.6 )")
CONN.execute ("INSERT INTO dictnutrs (user_id, title, description, protein, fat, carbs, calories) VALUES (1, 'Форель радужная с/м', 'Базовый справочник', 20.2, 11, 0, 179.8)")
CONN.execute ("INSERT INTO dictnutrs (user_id, title, description, protein, fat, carbs, calories) VALUES (1, 'Шпроты', 'Базовый справочник', 17.4, 32.4, 0.4, 362.8 )")
CONN.execute ("INSERT INTO dictnutrs (user_id, title, description, protein, fat, carbs, calories) VALUES (1, 'Баранина Мякоть', 'Базовый справочник', 17, 14.4, 0, 375)")
CONN.execute ("INSERT INTO dictnutrs (user_id, title, description, protein, fat, carbs, calories) VALUES (1, 'Бекон с прослойками жира', 'Базовый справочник', 15.8, 23.6, 0, 375.6 )")
CONN.execute ("INSERT INTO dictnutrs (user_id, title, description, protein, fat, carbs, calories) VALUES (1, 'Ветчина', 'Базовый справочник', 22.5, 30, 0, 365 )")
CONN.execute ("INSERT INTO dictnutrs (user_id, title, description, protein, fat, carbs, calories) VALUES (1, 'Говядина Легкое', 'Базовый справочник', 15.2, 4.7, 0, 103.1)")
CONN.execute ("INSERT INTO dictnutrs (user_id, title, description, protein, fat, carbs, calories) VALUES (1, 'Говядина Мраморная (Рибай)', 'Базовый справочник', 18.9, 10.5, 0, 170.1)")
CONN.execute ("INSERT INTO dictnutrs (user_id, title, description, protein, fat, carbs, calories) VALUES (1, 'Говядина Мякоть', 'Базовый справочник', 20.3, 2.6, 0, 189)")
CONN.execute ("INSERT INTO dictnutrs (user_id, title, description, protein, fat, carbs, calories) VALUES (1, 'Говядина вырезка', 'Базовый справочник', 20.2, 2.8, 0, 280 )")
CONN.execute ("INSERT INTO dictnutrs (user_id, title, description, protein, fat, carbs, calories) VALUES (1, 'Говядина мозги', 'Базовый справочник', 11.7, 8.6, 0, 124.2 )")
CONN.execute ("INSERT INTO dictnutrs (user_id, title, description, protein, fat, carbs, calories) VALUES (1, 'Говядина печень', 'Базовый справочник', 17.9, 3.7, 0, 104.9)")
CONN.execute ("INSERT INTO dictnutrs (user_id, title, description, protein, fat, carbs, calories) VALUES (1, 'Говядина почки', 'Базовый справочник', 15.2, 2.8, 0, 86)")
CONN.execute ("INSERT INTO dictnutrs (user_id, title, description, protein, fat, carbs, calories) VALUES (1, 'Говядина сердце', 'Базовый справочник', 16, 3.5, 0, 95.5 )")
CONN.execute ("INSERT INTO dictnutrs (user_id, title, description, protein, fat, carbs, calories) VALUES (1, 'Говядина сыровяленная', 'Базовый справочник', 20, 6, 3, 246)")
CONN.execute ("INSERT INTO dictnutrs (user_id, title, description, protein, fat, carbs, calories) VALUES (1, 'Индейка Филе грудки', 'Базовый справочник', 24.4, 0.8, 0, 145)")
CONN.execute ("INSERT INTO dictnutrs (user_id, title, description, protein, fat, carbs, calories) VALUES (1, 'Колбаса Вареная Говяжья', 'Базовый справочник', 15, 11.7, 0, 265.3 )")
CONN.execute ("INSERT INTO dictnutrs (user_id, title, description, protein, fat, carbs, calories) VALUES (1, 'Колбаса Вареная Докторская', 'Базовый справочник', 12.8, 22.2, 1.5, 257)")
CONN.execute ("INSERT INTO dictnutrs (user_id, title, description, protein, fat, carbs, calories) VALUES (1, 'Колбаса Вареная Молочная', 'Базовый справочник', 11.7, 22.8, 0, 252)")
CONN.execute ("INSERT INTO dictnutrs (user_id, title, description, protein, fat, carbs, calories) VALUES (1, 'Колбаса Варено-копченая Сервелат', 'Базовый справочник', 16.1, 40.1, 0, 425.3)")
CONN.execute ("INSERT INTO dictnutrs (user_id, title, description, protein, fat, carbs, calories) VALUES (1, 'Колбаса Полукопченая Краковская', 'Базовый справочник', 16.2, 44.6, 0, 466.2 )")
CONN.execute ("INSERT INTO dictnutrs (user_id, title, description, protein, fat, carbs, calories) VALUES (1, 'Колбаса Полукопченая Охотничьи колбаски', 'Базовый справочник', 25.7, 40, 0, 462.8 )")
CONN.execute ("INSERT INTO dictnutrs (user_id, title, description, protein, fat, carbs, calories) VALUES (1, 'Колбаса Салями', 'Базовый справочник', 20.9, 39.2, 0.5, 438.4)")
CONN.execute ("INSERT INTO dictnutrs (user_id, title, description, protein, fat, carbs, calories) VALUES (1, 'Колбаса Сырокопченая Московская', 'Базовый справочник', 24.8, 41.5, 0, 472.7 )")
CONN.execute ("INSERT INTO dictnutrs (user_id, title, description, protein, fat, carbs, calories) VALUES (1, 'Колбаса Сырокопченая Сервелат', 'Базовый справочник', 24, 40.5, 0, 460.5 )")
CONN.execute ("INSERT INTO dictnutrs (user_id, title, description, protein, fat, carbs, calories) VALUES (1, 'Колбаса кровяная', 'Базовый справочник', 11.5, 21, 8.5, 250)")
CONN.execute ("INSERT INTO dictnutrs (user_id, title, description, protein, fat, carbs, calories) VALUES (1, 'Колбаски куриные п/ф', 'Базовый справочник', 21.3, 8.4, 0.2, 195)")
CONN.execute ("INSERT INTO dictnutrs (user_id, title, description, protein, fat, carbs, calories) VALUES (1, 'Куриная грудка запеченная', 'Базовый справочник', 28.4, 1.8, 0.5, 130)")
CONN.execute ("INSERT INTO dictnutrs (user_id, title, description, protein, fat, carbs, calories) VALUES (1, 'Куры грудка с костью', 'Базовый справочник', 23.6, 1.9, 0.4, 113.1 )")
CONN.execute ("INSERT INTO dictnutrs (user_id, title, description, protein, fat, carbs, calories) VALUES (1, 'Куриный желудок', 'Базовый справочник', 20.7, 4, 0.8, 125)")
CONN.execute ("INSERT INTO dictnutrs (user_id, title, description, protein, fat, carbs, calories) VALUES (1, 'Куры Мякоть без кости', 'Базовый справочник', 21.3, 11, 0.1, 195 )")
CONN.execute ("INSERT INTO dictnutrs (user_id, title, description, protein, fat, carbs, calories) VALUES (1, 'Куры Окорочка', 'Базовый справочник', 21.3, 11, 0.1, 184.6 )")
CONN.execute ("INSERT INTO dictnutrs (user_id, title, description, protein, fat, carbs, calories) VALUES (1, 'Куры Печень (цыплят бройлеров)', 'Базовый справочник', 20.6, 3.7, 1.5, 121.7 )")
CONN.execute ("INSERT INTO dictnutrs (user_id, title, description, protein, fat, carbs, calories) VALUES (1, 'Куры Сердце', 'Базовый справочник', 15.8, 10.3, 0.8, 159.1 )")
CONN.execute ("INSERT INTO dictnutrs (user_id, title, description, protein, fat, carbs, calories) VALUES (1, 'Куры Филе грудки', 'Базовый справочник', 23.6, 1.9, 0.4, 115 )")
CONN.execute ("INSERT INTO dictnutrs (user_id, title, description, protein, fat, carbs, calories) VALUES (1, 'Куры крылышки', 'Базовый справочник', 21.3, 11, 0.1, 184.6 )")
CONN.execute ("INSERT INTO dictnutrs (user_id, title, description, protein, fat, carbs, calories) VALUES (1, 'Куры целые (тушки 1 категории)', 'Базовый справочник', 18.2, 18.4, 0.7, 241.2)")
CONN.execute ("INSERT INTO dictnutrs (user_id, title, description, protein, fat, carbs, calories) VALUES (1, 'Сардельки говяжьи', 'Базовый справочник', 11.4, 18.2, 1.5, 215.4 )")
CONN.execute ("INSERT INTO dictnutrs (user_id, title, description, protein, fat, carbs, calories) VALUES (1, 'Сардельки свиные', 'Базовый справочник', 10.1, 31.6, 1.9, 332.4)")
CONN.execute ("INSERT INTO dictnutrs (user_id, title, description, protein, fat, carbs, calories) VALUES (1, 'Свинина Мякоть', 'Базовый справочник', 15, 27.2, 0, 304.8)")
CONN.execute ("INSERT INTO dictnutrs (user_id, title, description, protein, fat, carbs, calories) VALUES (1, 'Сало', 'Базовый справочник', 1.4, 75, 0, 750 )")
CONN.execute ("INSERT INTO dictnutrs (user_id, title, description, protein, fat, carbs, calories) VALUES (1, 'Свинина вырезка', 'Базовый справочник', 19.4, 7.1, 0, 180)")
CONN.execute ("INSERT INTO dictnutrs (user_id, title, description, protein, fat, carbs, calories) VALUES (1, 'Свинина корейка', 'Базовый справочник', 13.7, 36.5, 0, 383.3 )")
CONN.execute ("INSERT INTO dictnutrs (user_id, title, description, protein, fat, carbs, calories) VALUES (1, 'Свинина ножки', 'Базовый справочник', 23.5, 15.6, 0, 234.4 )")
CONN.execute ("INSERT INTO dictnutrs (user_id, title, description, protein, fat, carbs, calories) VALUES (1, 'Свинина ребра', 'Базовый справочник', 13.7, 36.6, 0, 384.2 )")
CONN.execute ("INSERT INTO dictnutrs (user_id, title, description, protein, fat, carbs, calories) VALUES (1, 'Свинина рулька (голяшка на кости)', 'Базовый справочник', 13.7, 36.5, 0, 383.3 )")
CONN.execute ("INSERT INTO dictnutrs (user_id, title, description, protein, fat, carbs, calories) VALUES (1, 'Свинина сыровяленная', 'Базовый справочник', 8.9, 63.3, 0, 605.3 )")
CONN.execute ("INSERT INTO dictnutrs (user_id, title, description, protein, fat, carbs, calories) VALUES (1, 'Сосиски Молочные', 'Базовый справочник', 11, 23.9, 1.6, 265.5)")
CONN.execute ("INSERT INTO dictnutrs (user_id, title, description, protein, fat, carbs, calories) VALUES (1, 'Сосиски говяжьи', 'Базовый справочник', 10.4, 20.1, 0.8, 225.7 )")
CONN.execute ("INSERT INTO dictnutrs (user_id, title, description, protein, fat, carbs, calories) VALUES (1, 'Телятина филе', 'Базовый справочник', 19.7, 2, 0, 158)")
CONN.execute ("INSERT INTO dictnutrs (user_id, title, description, protein, fat, carbs, calories) VALUES (1, 'Телятина грудинка', 'Базовый справочник', 19.5, 2.5, 0, 213)")
CONN.execute ("INSERT INTO dictnutrs (user_id, title, description, protein, fat, carbs, calories) VALUES (1, 'Телятина спинная часть', 'Базовый справочник', 19.7, 2.5, 0, 210 )")
CONN.execute ("INSERT INTO dictnutrs (user_id, title, description, protein, fat, carbs, calories) VALUES (1, 'Телятина ножки', 'Базовый справочник', 41384, 0.9, 0, 165)")
CONN.execute ("INSERT INTO dictnutrs (user_id, title, description, protein, fat, carbs, calories) VALUES (1, 'Утка', 'Базовый справочник', 15.8, 38, 0, 405.2)")
CONN.execute ("INSERT INTO dictnutrs (user_id, title, description, protein, fat, carbs, calories) VALUES (1, 'Утка филе грудки', 'Базовый справочник', 16, 32, 7, 380)")
CONN.execute ("INSERT INTO dictnutrs (user_id, title, description, protein, fat, carbs, calories) VALUES (1, 'Фарш говяжий', 'Базовый справочник', 20.3, 2.6, 0, 104.6 )")
CONN.execute ("INSERT INTO dictnutrs (user_id, title, description, protein, fat, carbs, calories) VALUES (1, 'Фарш для котлет', 'Базовый справочник', 11.5, 8.7, 8.2, 157.4)")
CONN.execute ("INSERT INTO dictnutrs (user_id, title, description, protein, fat, carbs, calories) VALUES (1, 'Фарш из ветчины', 'Базовый справочник', 17.6, 6.2, 0, 126.2)")
CONN.execute ("INSERT INTO dictnutrs (user_id, title, description, protein, fat, carbs, calories) VALUES (1, 'Фарш из печени', 'Базовый справочник', 13.7, 2.1, 5.7, 96.4)")
CONN.execute ("INSERT INTO dictnutrs (user_id, title, description, protein, fat, carbs, calories) VALUES (1, 'Фарш куриный из окорочков', 'Базовый справочник', 21.3, 11, 0.1, 184.6 )")
CONN.execute ("INSERT INTO dictnutrs (user_id, title, description, protein, fat, carbs, calories) VALUES (1, 'Фарш мясной', 'Базовый справочник', 22.5, 7.2, 1.8, 162.3)")
CONN.execute ("INSERT INTO dictnutrs (user_id, title, description, protein, fat, carbs, calories) VALUES (1, 'Фарш мясной с рисом', 'Базовый справочник', 18.3, 7.9, 5.8, 167.2)")
CONN.execute ("INSERT INTO dictnutrs (user_id, title, description, protein, fat, carbs, calories) VALUES (1, 'Фарш свиноговяжий', 'Базовый справочник', 12.5, 28.4, 7.2, 334.3 )")
CONN.execute ("INSERT INTO dictnutrs (user_id, title, description, protein, fat, carbs, calories) VALUES (1, 'Фрикадельки п/ф', 'Базовый справочник', 14.8, 12.6, 1.4, 178.4 )")
CONN.execute ("INSERT INTO dictnutrs (user_id, title, description, protein, fat, carbs, calories) VALUES (1, 'Язык Говяжий', 'Базовый справочник', 16, 12.1, 0, 172.9)")
CONN.execute ("INSERT INTO dictnutrs (user_id, title, description, protein, fat, carbs, calories) VALUES (1, 'Яйца перепелиные (100гр)', 'Базовый справочник', 11.9, 10.9, 0.7, 150)")
CONN.execute ("INSERT INTO dictnutrs (user_id, title, description, protein, fat, carbs, calories) VALUES (1, 'Яйца куриные (целое . сырое 60гр)', 'Базовый справочник', 12, 11, 0.7, 70)")
CONN.execute ("INSERT INTO dictnutrs (user_id, title, description, protein, fat, carbs, calories) VALUES (1, 'Яйца куриные( белок 40гр)', 'Базовый справочник', 11, 0, 0, 50 )")
CONN.execute ("INSERT INTO dictnutrs (user_id, title, description, protein, fat, carbs, calories) VALUES (1, 'Яйца куриные (желток 20гр)', 'Базовый справочник', 10, 30, 2, 20 )")
CONN.execute ("INSERT INTO dictnutrs (user_id, title, description, protein, fat, carbs, calories) VALUES (1, 'Яйца куриные (целое отварное)', 'Базовый справочник', 11.5, 8.5, 0.5, 80 )")
CONN.execute ("INSERT INTO dictnutrs (user_id, title, description, protein, fat, carbs, calories) VALUES (1, 'Яйца куриные (целое .всмятку)', 'Базовый справочник', 18.8, 11.7, 0.8, 85)")
CONN.execute ("INSERT INTO dictnutrs (user_id, title, description, protein, fat, carbs, calories) VALUES (1, 'Яйца куриные(целое.жареное)', 'Базовый справочник', 14.5, 16, 0.9, 95)")
CONN.execute ("INSERT INTO dictnutrs (user_id, title, description, protein, fat, carbs, calories) VALUES (1, 'Яичный порошок (100гр)', 'Базовый справочник', 46, 38, 4.5, 544)")
CONN.execute ("INSERT INTO dictnutrs (user_id, title, description, protein, fat, carbs, calories) VALUES (1, 'Жир бараний (Курдючный)', 'Базовый справочник', 1.4, 92.8, 0, 840.8)")
CONN.execute ("INSERT INTO dictnutrs (user_id, title, description, protein, fat, carbs, calories) VALUES (1, 'Жир говяжий', 'Базовый справочник', 0, 99.7, 0, 897.3)")
CONN.execute ("INSERT INTO dictnutrs (user_id, title, description, protein, fat, carbs, calories) VALUES (1, 'Жир свиной', 'Базовый справочник', 0, 99.7, 0, 897.3 )")
CONN.execute ("INSERT INTO dictnutrs (user_id, title, description, protein, fat, carbs, calories) VALUES (1, 'Майонез 78% жирности', 'Базовый справочник', 1.2, 78, 1.4, 712 )")
CONN.execute ("INSERT INTO dictnutrs (user_id, title, description, protein, fat, carbs, calories) VALUES (1, 'Майонез Провансаль', 'Базовый справочник', 2.8, 67, 2.7, 625 )")
CONN.execute ("INSERT INTO dictnutrs (user_id, title, description, protein, fat, carbs, calories) VALUES (1, 'Майонез 50% жирности', 'Базовый справочник', 2.8, 50, 2.7, 502 )")
CONN.execute ("INSERT INTO dictnutrs (user_id, title, description, protein, fat, carbs, calories) VALUES (1, 'Майонез 30% жирности', 'Базовый справочник', 0.5, 30, 6.3, 298 )")
CONN.execute ("INSERT INTO dictnutrs (user_id, title, description, protein, fat, carbs, calories) VALUES (1, 'Маргарин столовый', 'Базовый справочник', 0.3, 82, 1, 720)")
CONN.execute ("INSERT INTO dictnutrs (user_id, title, description, protein, fat, carbs, calories) VALUES (1, 'Масло арахисовое', 'Базовый справочник', 0, 92, 0, 828 )")
CONN.execute ("INSERT INTO dictnutrs (user_id, title, description, protein, fat, carbs, calories) VALUES (1, 'Масло кунжутное', 'Базовый справочник', 0, 92, 0, 828)")
CONN.execute ("INSERT INTO dictnutrs (user_id, title, description, protein, fat, carbs, calories) VALUES (1, 'Масло оливковое Extra Virgin', 'Базовый справочник', 0, 92, 0, 899.1 )")
CONN.execute ("INSERT INTO dictnutrs (user_id, title, description, protein, fat, carbs, calories) VALUES (1, 'Масло оливковое рафинированное', 'Базовый справочник', 0, 99.9, 0, 828 )")
CONN.execute ("INSERT INTO dictnutrs (user_id, title, description, protein, fat, carbs, calories) VALUES (1, 'Масло подсолнечное нерафинированное', 'Базовый справочник', 0, 92, 0, 899.1)")
CONN.execute ("INSERT INTO dictnutrs (user_id, title, description, protein, fat, carbs, calories) VALUES (1, 'Масло подсолнечное рафинированное', 'Базовый справочник', 0, 99.9, 0, 747.7)")
CONN.execute ("INSERT INTO dictnutrs (user_id, title, description, protein, fat, carbs, calories) VALUES (1, 'Масло сливочное', 'Базовый справочник', 0.5, 82.5, 0.8, 735)")
CONN.execute ("INSERT INTO dictnutrs (user_id, title, description, protein, fat, carbs, calories) VALUES (1, 'Масло топленое', 'Базовый справочник', 0.3, 98, 0.6, 850 )")
CONN.execute ("INSERT INTO dictnutrs (user_id, title, description, protein, fat, carbs, calories) VALUES (1, 'Вермишель бобовая Фунчеза', 'Базовый справочник', 10.1, 0, 74.5, 338.4 )")
CONN.execute ("INSERT INTO dictnutrs (user_id, title, description, protein, fat, carbs, calories) VALUES (1, 'Водоросли Нори', 'Базовый справочник', 40.5, 0.4, 28, 277.7)")
CONN.execute ("INSERT INTO dictnutrs (user_id, title, description, protein, fat, carbs, calories) VALUES (1, 'Горох', 'Базовый справочник', 20.5, 2, 48.6, 294.4 )")
CONN.execute ("INSERT INTO dictnutrs (user_id, title, description, protein, fat, carbs, calories) VALUES (1, 'Горох лущеный', 'Базовый справочник', 23, 1.6, 50.8, 309.6 )")
CONN.execute ("INSERT INTO dictnutrs (user_id, title, description, protein, fat, carbs, calories) VALUES (1, 'Гречневая ядрица', 'Базовый справочник', 12.6, 3.3, 62.1, 328.5)")
CONN.execute ("INSERT INTO dictnutrs (user_id, title, description, protein, fat, carbs, calories) VALUES (1, 'Изюм', 'Базовый справочник', 1.8, 0, 66, 271.2 )")
CONN.execute ("INSERT INTO dictnutrs (user_id, title, description, protein, fat, carbs, calories) VALUES (1, 'Кус кус', 'Базовый справочник', 13, 2, 72, 358 )")
CONN.execute ("INSERT INTO dictnutrs (user_id, title, description, protein, fat, carbs, calories) VALUES (1, 'Макаронные изделия I сорта', 'Базовый справочник', 10.7, 1.3, 68.4, 328.1)")
CONN.execute ("INSERT INTO dictnutrs (user_id, title, description, protein, fat, carbs, calories) VALUES (1, 'Макаронные изделия высшего сорта', 'Базовый справочник', 10.4, 1.1, 69.7, 330.3)")
CONN.execute ("INSERT INTO dictnutrs (user_id, title, description, protein, fat, carbs, calories) VALUES (1, 'Манная крупа', 'Базовый справочник', 10.3, 1, 67.7, 321)")
CONN.execute ("INSERT INTO dictnutrs (user_id, title, description, protein, fat, carbs, calories) VALUES (1, 'Мука Ржаная обдирная', 'Базовый справочник', 8.9, 1.7, 60.2, 291.7 )")
CONN.execute ("INSERT INTO dictnutrs (user_id, title, description, protein, fat, carbs, calories) VALUES (1, 'Мука кукурузная', 'Базовый справочник', 7.2, 1.5, 70.2, 323.1)")
CONN.execute ("INSERT INTO dictnutrs (user_id, title, description, protein, fat, carbs, calories) VALUES (1, 'Пшеничная крупа', 'Базовый справочник', 11.5, 3.3, 66.5, 341.7 )")
CONN.execute ("INSERT INTO dictnutrs (user_id, title, description, protein, fat, carbs, calories) VALUES (1, 'Рис', 'Базовый справочник', 7.5, 2.6, 56.1, 277.8)")
CONN.execute ("INSERT INTO dictnutrs (user_id, title, description, protein, fat, carbs, calories) VALUES (1, 'Рис для суши и роллов п/ф', 'Базовый справочник', 3.4, 1.2, 32, 152)")
CONN.execute ("INSERT INTO dictnutrs (user_id, title, description, protein, fat, carbs, calories) VALUES (1, 'Сахар-песок', 'Базовый справочник', 0, 0, 99.8, 379)")
CONN.execute ("INSERT INTO dictnutrs (user_id, title, description, protein, fat, carbs, calories) VALUES (1, 'Сахар-рафинад', 'Базовый справочник', 0, 0, 99.9, 379)")
CONN.execute ("INSERT INTO dictnutrs (user_id, title, description, protein, fat, carbs, calories) VALUES (1, 'Сахарная пудра', 'Базовый справочник', 0, 0, 99.9, 399.6 )")
CONN.execute ("INSERT INTO dictnutrs (user_id, title, description, protein, fat, carbs, calories) VALUES (1, 'Фасоль бобы', 'Базовый справочник', 21, 2, 46.6, 288.4 )")
CONN.execute ("INSERT INTO dictnutrs (user_id, title, description, protein, fat, carbs, calories) VALUES (1, 'Чечевица', 'Базовый справочник', 24, 1.5, 42.7, 280.3)")
